budget,popularity,rentable_pred
14000000,6.575393,0
40000000,8.248895,1
3300000,64.29999,1
1200000,3.174936,1
0,1.14807,1
8000000,0.743274,0
14000000,7.286477,1
0,1.949044,1
0,6.902423,1
6000000,4.672036,1
1000000,14.774066,1
0,10.54375,1
15000000,20.726578,1
53000000,13.314233,1
102000000,20.666063,1
500000,1.018477,0
26000000,6.336927,1
0,4.183558,1
8000000,6.496259,1
32000000,11.359659,1
80000000,12.000579,1
4000000,7.99229,1
0,7.820787,1
0,1.323333,1
0,7.434577,1
0,1.252367,1
10000000,4.305735,1
11000000,10.841891,0
6000000,6.759181,0
45000000,7.81862,1
13000000,16.086919,1
0,5.69586,1
90000000,13.412445,1
0,8.254856,1
140000000,9.718111,1
30000000,8.234382,1
0,2.100499,1
50000000,13.676444,1
0,0.32926,1
3800000,3.055936,0
0,2.941626,1
3000000,9.718713,1
25000000,2.971999,0
6000000,9.383088,1
15000000,5.615303,1
3906840,2.382068,1
80000000,16.646029,1
44000000,20.328822,1
0,8.984386,1
38000000,8.105708,1
560000,1.572904,1
12000000,4.473327,1
0,1.012665,1
0,5.410839,1
20000000,8.759801,1
0,9.122718,1
0,2.94798,1
125000000,17.038824,1
0,1.882446,1
14000000,3.909079,1
150000000,23.065078,1
4000000,1.801071,1
0,6.381612,1
5000000,7.743144,1
12000000,11.160699,1
1500000,8.822276,1
12000000,5.145185,0
0,6.303552,1
2000000,14.284787,1
85000000,2.238808,1
29000000,12.092096,0
0,7.667491,1
11000000,8.290384,0
0,0.919556,1
445000,2.482536,1
17000000,9.665251,1
500000,0.660663,0
6000000,10.451986,1
0,2.633399,1
1500000,6.636625,0
15000000,4.98408,0
10284523,4.349046,1
43000000,10.947957,1
28000000,7.482865,1
2000000,10.239941,1
50000000,7.260574,1
8000000,9.741644,1
7500000,12.314278,1
20000000,13.655178,0
0,4.359884,1
30000000,25.261865,1
0,3.83196,1
35000000,1.690768,0
0,14.322814,1
15000000,18.184056,1
0,0.181963,1
2500000,2.942355,1
0,1.042112,1
10500000,11.003515,1
6000000,5.529808,0
7000000,7.958502,1
60000000,11.93646,0
0,1.066558,1
0,2.401289,0
0,1.590383,1
10900000,13.454169,1
31000000,6.523155,1
72000000,20.755149,1
14000000,3.873796,1
15000000,3.210693,0
75000000,13.136791,0
35000000,5.093704,0
100000000,11.696923,0
20000000,4.619593,1
93000000,32.070725,1
25000000,5.00725,1
0,1.678013,1
0,11.356011,1
0,4.304224,1
12716953,6.183021,1
90000000,8.345985,1
150000000,12.453452,1
1500000,1.961208,1
25000000,8.369176,1
7500000,16.376657,1
40000000,14.622493,0
0,5.695908,1
10000000,7.886926,1
18000000,9.929809,1
2400000,5.230661,1
4000000,10.130541,1
6000000,8.278079,0
0,1.079975,1
65000000,11.73956,1
10000000,11.840495,1
2000000,1.372493,0
0,2.490032,0
9000000,8.888278,0
0,10.245682,1
110000000,0.913096,1
14320000,0.585397,1
0,7.008512,1
3500000,5.353826,0
18000000,6.675032,0
4000000,6.216637,1
0,3.805811,1
0,10.278957,1
39200000,14.131906,1
0,9.322717,1
25000000,5.405958,0
0,1.178642,1
0,1.279443,1
0,3.520171,1
4000000,10.200398,1
0,2.620456,0
20000000,8.759774,1
3500000,0.768181,1
0,0.56257,1
63600000,6.047757,0
32000000,7.54701,0
3500000,4.456904,1
0,1.319188,1
125000,10.850569,1
9000000,5.997054,1
40000000,9.825841,1
0,0.836108,1
0,8.802715,1
19000000,10.966015,0
5000000,6.501177,1
2000000,11.189831,1
0,9.021668,1
0,5.524866,1
3500000,8.55931,1
11000000,8.929393,0
12468389,6.116093,1
38000000,1.406181,0
90000000,5.496624,0
0,0.060645,1
15000000,14.778884,1
32000000,11.137888,1
30000000,5.844016,1
0,5.725912,1
0,10.313689,1
6000000,9.534232,1
82500000,9.796552,1
14000000,1.36737,0
5000000,3.172765,0
259000,0.722511,1
180000000,16.088366,1
0,12.017861,1
4000000,5.263187,1
40000000,7.271503,1
0,6.395748,1
0,13.762328,1
4500000,3.311392,0
0,1.165679,1
7000000,0.861473,1
60000000,12.915358,1
24000000,3.69298,0
12600000,11.695036,1
85000000,10.254314,1
10000000,11.509677,0
55000000,7.713231,1
75000000,14.302911,1
3200000,6.174699,1
2000000,5.396271,1
0,3.14325,1
15000000,7.024227,1
0,8.096719,1
100000000,8.140709,1
22000000,7.145784,1
7000000,19.726114,1
0,2.011108,1
6700000,1.312833,1
20000000,13.132127,0
35000000,7.321172,1
35000000,6.493765,1
10000000,11.341505,1
0,2.972928,1
2600000,2.203949,1
12000000,7.216103,0
0,8.358541,1
5000000,1.608163,0
49000000,16.628427,1
0,0.410738,1
0,11.478361,1
50000000,7.668829,0
7500000,8.593196,1
6244087,11.722424,0
14000000,1.596058,0
110000000,7.825072,1
800000,0.941994,1
0,3.74133,1
0,0.492745,1
30000000,21.791111,0
0,6.183051,1
15000000,3.450402,0
0,0.619347,1
22000000,11.945397,1
20000000,5.270187,1
0,2.592927,0
70000000,6.660309,1
0,12.653798,1
0,8.416802,1
0,2.738421,1
19000000,9.106146,0
23000000,14.13488,1
18339750,7.69224,1
102000000,9.646208,1
7920000,11.162277,1
12560000,4.052991,1
98000000,7.284477,0
8500000,6.57613,0
0,0.241287,1
11178,0.079287,1
9500000,5.847166,1
55000000,10.758754,1
1000000,1.157582,1
0,10.686166,1
24554,0.154526,1
0,0.871303,1
50000000,11.511424,1
0,6.972723,1
10000000,2.849779,0
0,2.799447,1
15000000,10.271871,1
15000000,15.423538,1
27000,10.513367,1
40000000,8.778999,0
0,0.498877,1
21000000,8.425361,1
72500000,6.936688,1
12000000,5.845712,1
50000000,12.285545,1
65000000,10.237996,1
0,8.469808,1
2915739,0.558002,1
70000000,18.324219,1
0,2.523707,0
65000000,13.455112,1
0,2.584025,0
30000000,14.811958,1
12000000,1.575026,1
19000000,4.249948,1
7000000,7.45279,1
25000000,3.596317,0
9000000,28.920839,1
0,4.322726,1
24000000,11.269558,0
28000000,13.856199,0
6000000,8.990345,1
16000000,12.153493,1
65000000,10.543955,1
0,1.791965,1
160000000,26.628178,1
0,1.763116,1
60000000,4.924078,0
25000000,8.364587,1
3000000,1.739182,1
9000000,1.80809,0
11000000,15.750026,1
225000,1.533379,1
0,2.36594,0
0,5.385108,1
0,7.362552,1
100000000,14.922399,1
100000000,12.36223,1
108000000,19.94393,0
30000000,4.902869,0
26000000,7.867999,1
15000000,10.445867,0
9500000,8.59498,0
16000000,1.758079,0
0,5.339888,1
175000000,19.148182,1
55000000,11.672394,1
60000000,10.271517,1
115000000,15.232738,1
20000000,9.570657,1
12000000,10.312017,1
0,1.506457,1
85000000,14.170183,1
135000000,23.501228,1
90000000,9.112008,1
12000000,7.569698,0
71000000,9.439079,1
26000000,10.177303,1
40000000,8.062578,1
15000000,4.582024,1
100000000,15.088318,1
0,1.895489,1
23000000,10.861339,1
5000000,6.226054,0
0,2.870026,1
1,0.43849,1
25000000,9.453942,1
75000000,17.852022,1
0,0.215013,1
30000000,9.783762,0
11000000,2.27258,0
0,11.576578,1
27000000,12.235391,1
0,0.767631,1
0,1.021685,1
60000000,11.234862,0
0,3.611453,1
36000000,14.575883,1
12,1.410322,1
1000000,11.267366,1
350000,2.96237,1
110000000,13.1984,1
7200000,12.00491,1
0,7.093984,1
7000000,2.483032,1
20500000,8.333526,0
0,0.519968,1
130000000,8.946243,0
45000000,21.605761,1
75000000,7.970031,0
65000000,12.738789,1
0,1.43679,1
2200000,1.132835,1
3300000,4.445867,1
15400000,8.400049,1
90000000,11.3569,0
7000,7.15307,1
12000000,7.88371,1
0,8.150265,1
0,6.068689,1
3300000,5.840554,1
0,1.369216,1
13100000,1.417392,0
40000000,11.185625,1
4500000,6.583161,1
500000,2.884359,1
16000000,6.918821,1
30000000,5.154373,1
14000000,7.495853,0
35000000,11.836827,0
0,4.470369,1
100000000,12.477872,1
74500000,5.300303,0
8000000,5.137903,1
0,8.543311,1
55000000,10.571434,1
25000000,10.19853,1
0,0.118135,1
36000000,2.151436,0
20000000,4.850968,0
75000000,9.409379,1
6843500,3.800073,0
7075038,10.181,1
0,2.404466,0
60000000,7.898202,1
18000000,6.693055,1
0,7.957389,1
0,11.110533,1
0,2.628306,1
40000000,15.228794,1
13000000,5.305311,0
30000000,9.378926,1
3000000,0.904409,1
0,3.402261,1
0,2.469772,0
0,3.842769,1
17000000,7.417157,1
30000000,11.781895,1
19000000,7.923639,0
10000000,15.109261,1
0,9.665142,1
18500000,21.761179,1
87000000,7.851669,1
28000000,7.598422,1
800000,0.170979,0
65000000,7.446085,1
60000000,14.039655,1
0,8.175019,1
0,11.258125,1
2000000,14.379879,1
3750000,0.597058,1
30000000,11.43256,1
19000000,6.701138,1
2900000,10.92143,1
26000000,7.254242,1
9000000,1.139949,0
0,7.34241,1
6000000,5.414213,1
0,0.82522,1
810000,3.099222,1
40000000,16.94556,1
10000000,6.737797,0
13000000,12.994939,1
16000000,2.488424,0
57000000,9.958406,1
13000000,6.862146,0
0,7.74579,1
0,9.266214,1
40000000,8.739991,1
7000000,6.924072,1
762241,4.860265,0
110000000,12.904677,1
0,10.200553,1
0,2.117703,1
0,6.473842,1
10300000,6.165491,0
0,1.693701,1
14000000,8.226,0
30000000,14.404764,1
85000000,12.173291,1
80000000,4.980191,0
23000000,5.950792,0
0,6.402939,1
0,1.69425,1
5000000,6.546551,1
0,0.656215,1
0,9.128571,1
1288000,8.590813,1
250000,0.003013,1
18000000,6.344961,1
7000000,6.950458,1
0,1.899468,1
22000000,9.627676,1
90000000,14.374866,1
0,8.09806,1
3000000,2.428279,1
0,10.638289,1
17000000,11.673366,1
16500000,6.463883,0
16000000,12.260159,0
113,9.231318,1
2000000,0.079856,0
35000000,23.947351,1
19000000,8.560694,1
15000000,1.652275,0
25000000,4.037707,0
0,0.368092,1
18000000,2.471038,0
3200000,5.510288,0
20000000,6.679168,1
0,8.450231,1
0,0.182717,1
10500000,1.970481,0
48000000,4.556123,0
13500000,3.531089,0
0,2.183504,1
25000000,5.481452,0
60000000,7.685548,1
4500000,1.833185,0
9000000,27.756026,1
250000,1.924535,1
590235,8.888393,1
35000000,5.80986,0
12000000,8.435294,1
0,9.116245,1
2000000,2.300459,0
25000000,10.323838,0
2800000,12.560942,1
15000000,18.451321,1
0,0.91505,1
80000000,11.760218,1
0,7.872569,1
57000000,11.82081,0
0,8.35399,1
25000000,4.558992,0
0,10.460298,1
10000000,5.3584,0
25000000,10.510245,0
60000000,8.462364,1
60000,10.621362,1
6500000,9.312354,1
910000,18.211093,1
22000000,9.863789,1
93,11.096527,1
27000000,8.907074,1
0,6.625607,1
12000000,5.875606,1
2000000,0.570021,1
15000000,11.85302,1
149000000,294.337037,1
32000000,8.074218,0
30000000,8.142166,0
0,1.380258,1
10000000,7.412826,1
13000000,11.14704,1
0,1.532894,1
4000000,6.780752,1
20000000,8.34835,0
62000000,6.258666,0
78146652,9.097953,0
28000000,6.053567,0
4100000,3.826281,1
0,6.316596,1
18000000,6.41742,0
40000000,9.034929,1
4000000,4.661689,1
45000000,11.221186,0
3000000,0.527297,1
75000000,13.249824,1
48000000,14.788987,1
0,4.39817,1
150000000,11.30428,0
6900000,6.8652,1
65000000,11.023042,0
79000000,29.423537,1
8000000,0.537378,1
5800000,0.906143,1
30000000,11.066473,1
3500000,5.732016,1
9000000,10.182974,1
0,0.769595,1
13000000,9.142772,1
49000000,30.206365,1
40000000,10.939066,1
0,4.769347,1
14500000,9.298092,1
0,4.854436,1
0,0.239993,1
8500000,5.590678,1
23000000,7.528276,1
2700000,10.246132,1
0,1.282833,1
0,12.34835,1
75000000,11.134888,1
20000000,8.066726,1
0,0.699668,1
0,3.939557,1
12000000,4.73816,1
40000000,6.322435,0
12000000,10.159713,1
18000000,4.29831,0
5000000,17.656951,1
7000000,11.00913,1
80000000,9.554067,1
1000000,3.374229,1
35000000,10.754139,1
0,12.50303,1
16000000,8.899418,1
0,8.665106,1
16000000,14.906621,1
0,1.033927,1
0,2.858879,1
0,6.785735,1
20000000,9.351557,0
19000000,15.339153,1
0,0.773954,1
10400000,8.792104,1
1500000,0.446454,1
40000000,0.75571,1
90000,0.837849,1
28000000,5.01752,1
0,0.218263,1
0,0.402368,1
6000000,7.903956,1
3000000,11.30324,1
0,11.971318,1
0,1.985348,1
8000000,10.434018,1
8000000,5.320117,1
13000000,5.169999,0
35000000,13.542675,1
15000000,20.301019,1
12000000,7.607052,1
65000000,10.90061,1
16000000,12.069966,1
5500000,6.389326,0
100000,5.113205,1
0,10.475435,1
0,1.373641,1
700000,2.819298,0
0,5.121309,1
12000000,7.075534,0
8575000,16.727405,0
5000000,10.737565,1
17000000,5.924226,0
6000000,8.522673,1
0,3.936673,1
0,0.318437,1
35000000,10.378902,1
4500000,14.658885,1
0,5.472431,1
70000000,10.876463,1
0,7.559298,1
10000000,10.754997,0
85000000,9.434006,1
22000000,8.473369,1
15000000,14.319743,1
0,4.379054,1
16000000,5.127876,1
6000000,7.873407,1
0,0.897413,1
16000000,12.646518,1
10000000,4.127728,0
15000000,6.600651,1
100000000,19.382082,1
0,8.3539,1
27000000,14.225919,0
0,2.081712,1
23000000,7.667579,1
300000,1.023164,1
6,11.179864,1
50000000,5.716009,1
50000000,10.337994,1
39000000,7.830087,1
13000000,2.326115,0
0,7.843562,1
5000000,9.649312,0
50000000,5.768575,1
9000000,14.304205,0
0,5.682778,1
30000000,11.766244,1
16500000,10.673167,1
5000000,5.839893,1
0,2.805298,1
20000,3.111281,1
2600000,8.623982,0
25000000,7.438934,0
11500000,6.514592,1
0,11.959887,1
13000000,8.378149,0
7500000,19.561767,1
54000000,20.214422,1
5500000,4.711231,1
15000000,14.511442,1
0,6.76513,1
0,1.073743,1
0,4.118699,1
250000000,20.644776,1
0,4.250364,1
6300000,4.38806,0
0,8.387519,1
2650000,4.471515,1
6400000,1.82294,0
6000000,7.510159,0
4200000,8.233168,1
135000000,13.89018,0
10000000,5.024459,1
28000000,13.570264,1
25000000,3.643468,0
0,7.174869,1
2500000,5.490505,1
125000000,15.049695,1
25000000,11.109932,1
0,9.861672,1
26000000,13.003122,1
160000000,287.253654,1
1271000,7.441117,1
40000000,16.453573,1
0,11.966566,1
0,4.352904,1
113000000,13.165421,1
0,4.074783,1
35000000,5.370818,0
30000000,8.587129,1
5000000,13.524048,0
0,13.235179,1
1,1.280455,1
0,11.950477,1
12000000,17.788579,0
6000000,11.732546,1
40000000,9.420931,1
25000000,7.409179,0
5000000,15.021058,1
11000000,18.344227,1
2053648,2.691433,0
85000000,11.057536,0
1000000,17.911314,1
1200000,2.017413,1
0,9.197511,1
90000000,14.753545,1
3000000,6.409512,1
0,14.331454,1
0,1.893822,1
40000000,13.876881,1
80000000,14.987902,0
9250000,2.132964,1
22000000,6.303785,0
0,11.449373,1
27000000,1.408176,0
0,7.477944,1
0,7.328242,1
0,9.488593,1
800000,7.137026,0
0,5.007836,1
11000000,4.08938,0
50000000,30.121292,1
50000000,16.838145,1
0,4.912681,1
30000000,9.058516,1
14000000,0.825638,1
103000000,8.18534,1
0,9.661817,1
4000000,5.032469,1
0,8.328596,1
4000000,6.314697,1
150000000,26.024868,1
40000000,12.337898,1
8250000,11.840985,1
8000000,1.194377,0
40000000,14.384554,0
40000000,15.010525,1
0,6.617717,1
0,0.000578,1
967686,11.934045,1
35000000,10.794556,1
12000000,15.297121,1
14000000,11.090265,1
50000,11.329733,1
6000000,9.023686,1
0,4.725759,1
25000000,7.257679,1
30000000,6.734065,1
50000000,9.91556,0
0,0.358968,1
4500000,11.578578,1
6000000,10.505387,1
0,2.340967,0
0,6.188664,1
80000000,7.210383,1
0,6.117335,1
23000000,9.604552,1
6500000,9.369527,1
15000000,7.844705,0
2000000,9.02255,1
200000000,26.114917,1
0,2.132858,1
105000000,7.291872,1
40000000,6.159379,0
20000000,16.205105,1
0,6.15698,1
16000000,2.549325,0
50000000,10.223582,0
9000000,2.089842,1
0,5.063701,1
0,0.001272,1
0,14.67986,1
0,2.92387,1
130000000,9.566135,0
150000000,15.884744,1
22500000,18.908782,1
0,12.553657,1
5000000,8.645067,0
13000000,4.654312,0
40000000,13.689855,1
0,4.582718,1
0,2.614785,0
2500000,2.296734,0
19000000,8.385361,1
1601792,2.329513,0
0,3.457153,1
94000000,6.587711,1
1300000,5.184013,1
40000000,17.496832,1
13000000,10.890236,1
40000000,2.947411,0
25000000,14.141837,1
13000000,24.515462,1
8,4.222195,1
0,5.159349,1
0,3.215954,1
110000000,16.747793,1
5000000,8.585856,1
3000000,12.822085,1
7000000,3.18614,0
15000000,11.179855,1
20000000,10.605851,1
14000000,11.535478,0
3000000,7.351028,1
0,4.433261,1
0,13.567726,1
75000000,18.311054,1
42000000,9.874043,1
0,5.50751,1
33000000,11.840557,1
15000000,3.94159,1
50000000,12.229381,1
32000000,11.119707,1
12000000,9.592265,1
100000,1.522753,1
0,14.307672,1
1000000,2.678923,1
4000000,5.350658,0
886000,6.507597,1
50000000,9.082538,1
0,9.555852,1
110000000,8.555544,1
2700000,7.048957,1
3860000,8.959821,1
10000000,3.759301,1
54000000,11.415316,0
500000,0.892007,0
6000000,2.447359,1
12000000,8.032616,0
150000000,28.505341,1
14500000,5.892859,1
30000000,10.778028,1
0,0.91273,1
0,8.870325,1
150000000,29.36178,1
0,7.464981,1
4000000,5.296777,1
10721568,1.68625,0
0,4.581577,1
0,0.727837,1
20000000,5.219667,1
355000,7.503126,1
54000000,17.185349,1
20000000,16.01076,0
24000000,2.818802,0
6400000,1.856101,1
1,8.159556,1
6000000,9.424157,1
15000000,2.936443,0
0,13.177741,1
0,6.853782,1
2196531,0.947509,1
0,1.199003,1
7000000,11.37237,1
59000000,17.328902,1
9750000,11.387338,0
13000000,5.53202,0
24000000,4.197544,0
17000000,12.01525,1
0,0.007294,1
0,2.20137,1
0,1.489895,1
50000000,5.91265,0
151000,1.879162,1
0,1.404434,1
88000000,6.363884,1
31000000,15.672195,0
4000000,6.737142,1
0,6.065049,1
0,1.689926,1
50000000,6.752119,0
15000000,16.018525,0
36000000,7.926621,1
0,3.043177,1
50000000,9.995617,0
0,8.207548,1
13000000,11.29356,1
7700000,6.914615,1
200000000,17.285093,1
57000000,9.421301,1
25000000,14.31675,1
0,2.115609,1
0,6.970037,1
0,0.223633,1
20000000,10.680121,1
5000000,6.719949,1
0,1.818561,1
0,1.698895,1
37000000,10.722672,1
0,2.564695,0
25000000,6.570918,0
50000000,6.824871,1
0,3.507084,1
12000000,14.21769,1
20000000,8.157587,0
0,5.787334,1
12000000,1.323587,1
20000000,11.112153,0
0,1.568839,1
185000000,12.577266,1
0,1.833948,1
100000000,13.473381,1
16000000,8.34322,1
250000000,20.58258,1
31000000,14.004074,1
9600000,6.133745,0
0,6.770051,1
0,4.333617,1
3500000,1.333969,0
25000000,11.829231,0
50000000,7.66124,1
9000000,8.475983,0
0,7.916658,1
6500000,8.344282,1
0,1.679042,1
940000,0.739665,1
0,1.047417,1
0,5.383766,1
5000000,6.585405,1
0,10.177977,1
7000000,7.218957,0
0,1.926826,1
5000000,7.392294,0
40000000,7.473718,1
195000000,11.606061,1
0,5.093586,1
5000000,9.841623,1
28000000,10.445141,1
143149,0.091951,1
57000000,11.626116,1
163000000,10.958669,1
40000000,49.247505,1
0,6.816276,1
0,0.569463,1
0,1.54105,1
1500000,5.875708,0
558000,1.41344,1
8000000,5.052049,1
180000000,19.467404,1
2000000,12.792394,1
0,6.080108,1
16000000,4.136356,0
35000000,4.386145,0
100000000,12.845045,1
0,1.954153,1
44000000,11.924462,1
13000000,1.884204,0
40000000,5.996407,0
25530000,4.557006,0
0,0.985785,1
17000000,7.812646,1
0,12.945544,1
13000000,5.138409,0
0,5.416273,1
2600000,3.501564,1
50000000,10.246173,1
0,11.492174,1
0,9.221178,1
250000000,19.083723,1
19000000,9.262184,1
11000000,8.888718,0
800000,11.322173,1
25000000,9.304901,1
0,7.832484,1
3000000,5.254847,1
60000000,6.22229,0
80000000,14.75562,0
4200000,2.031919,1
13000000,14.90169,1
8500000,12.421754,1
11000000,9.659244,1
17000000,16.574021,1
20000000,8.16645,1
80000000,9.034884,0
11000000,5.010563,1
60000000,9.471838,1
0,1.184009,1
80000000,8.967638,1
1000000,1.795849,1
6700000,4.987123,1
26000000,11.890138,1
35000000,13.963892,1
0,0.235518,1
19000000,2.727017,1
0,10.841495,1
31000000,14.505987,1
20000000,4.15656,0
0,7.594022,1
0,2.165608,1
609000,7.122093,1
22000000,9.763928,1
0,7.122938,1
6000000,4.664474,1
15000000,9.285519,1
1200000,23.508433,1
60000000,6.504927,1
0,10.101183,1
6788000,7.88101,1
10500000,8.253705,1
20000000,10.448481,1
0,5.185771,1
1000000,10.766409,1
73000000,8.884406,1
2000000,0.717595,0
0,0.007877,1
3000000,8.122042,1
25000000,11.338194,1
35000000,17.310647,1
0,9.385078,1
17000000,11.03595,1
12000000,5.914833,1
0,6.093938,1
9200000,0.882864,1
40000000,12.589019,1
27000000,9.644085,1
30000000,12.727269,1
10000000,6.703892,0
0,1.081517,1
75000000,12.287636,1
0,2.162495,1
0,7.587797,1
4000000,10.714173,1
0,5.819403,1
32000000,14.958098,0
0,4.119518,1
137731,1.78367,1
53000000,8.657365,1
1800000,5.550496,1
2000000,7.636625,1
5000000,7.66414,1
0,5.889414,1
0,6.99099,1
15000000,6.617708,1
280379,8.913793,1
30000000,8.599342,1
135000000,13.047776,1
0,3.751532,1
40000000,6.475665,0
56000000,7.81645,1
100000000,18.932203,1
0,0.654549,1
2000000,3.462653,1
14000000,14.260779,1
0,11.067992,1
15000000,10.527141,1
5000000,8.466725,1
60000000,12.789812,1
68000000,10.466306,0
0,2.59282,0
50000000,4.909738,0
0,0.044048,1
17000000,6.590093,0
0,3.554939,1
2500000,3.750365,0
55000000,15.214342,1
0,13.311827,1
40000000,12.189038,1
23000000,11.076971,1
0,7.356831,1
1200000,0.584397,0
180000000,18.13542,1
0,7.489306,1
85000000,12.16276,1
12000000,7.594102,0
6500000,8.254209,1
0,0.619481,1
2900000,4.919716,1
20000000,6.496913,0
0,8.461631,1
4500000,6.874828,1
4500000,8.786269,0
0,7.631049,1
800000,7.974726,1
0,6.437916,1
20000000,3.782547,0
0,6.464826,1
7000000,6.868022,0
25000000,7.308162,1
15000000,13.183804,1
0,6.266831,1
15000000,4.643981,1
0,0.273694,1
0,0.676383,1
0,0.192513,1
11000000,7.915368,1
0,5.759423,1
0,10.444048,1
15000000,14.14078,1
5000000,1.962873,0
0,0.190879,1
6000000,41.109264,1
85000000,14.043416,1
58000000,14.686036,1
10000000,5.13955,1
12000000,2.162781,1
38000000,8.898988,1
15000000,3.96986,1
0,0.481394,1
0,0.288203,1
27000000,3.104943,0
30000000,7.645827,1
13500000,8.969705,0
0,3.701538,1
7200000,5.553737,0
20000000,8.801032,0
95000000,15.297821,1
9000000,19.827546,1
0,1.943323,1
0,7.936216,1
42000000,11.214779,1
5600000,8.853168,1
17000000,10.250997,0
14000000,9.781451,1
40000000,13.02535,0
40000000,12.520688,1
62000000,6.318445,1
39000000,10.296047,0
8500000,9.099731,1
4000000,8.16339,1
8000000,6.040486,1
44000000,11.342024,1
105000000,20.151037,1
60000000,13.214068,1
220000000,89.887648,1
75000000,7.116537,1
350000,10.421679,1
2600000,11.600224,1
0,7.68372,1
3537415,9.117054,0
100000000,9.615691,1
2000000,6.536006,1
0,3.408264,1
26000000,6.866634,1
0,2.969691,1
22000000,6.760321,0
0,14.214403,1
100000,8.003815,1
20000000,39.39497,1
0,1.042432,1
19000000,10.874079,0
878000,13.916101,1
0,5.599039,1
12000000,6.829528,1
0,6.398905,1
0,7.78179,1
17000000,11.454835,1
300000,7.90622,1
2000000,9.551293,1
150000000,5.587707,1
22000000,7.719173,1
8000000,8.762536,0
27000000,9.848674,0
3200000,6.72639,1
300000,1.687901,1
3500000,6.261686,1
90000000,10.338222,1
32000000,9.796962,1
13000000,15.295949,0
0,4.249695,1
3400000,5.101153,1
19000000,1.418221,0
30000000,6.34785,1
16000000,7.404835,1
1250000,14.605464,1
10000000,17.046052,1
3250000,1.393391,0
4000000,16.861533,1
0,5.289075,1
30000000,13.371056,1
0,9.596119,1
0,4.601867,1
0,11.069608,1
0,6.341259,1
18000000,9.309967,1
80000000,10.796939,1
0,0.60908,1
0,12.372036,1
10500000,11.548303,0
85000000,11.03897,1
90000000,24.30526,1
9000000,7.720692,0
12000000,16.274653,1
0,2.958988,1
0,1.099467,1
747000,2.775402,0
0,4.02059,1
1119000,0.948775,1
0,2.087446,1
20000000,9.830382,1
15000000,7.603652,1
10000000,3.492576,0
0,4.148276,1
100000000,11.174041,0
30000000,7.566321,1
5000000,1.845554,0
5,6.759519,1
65000,2.799356,1
13000000,7.17548,0
25000000,14.723646,1
0,1.459459,1
62000000,7.879924,1
0,4.912295,1
6000000,10.124544,1
0,5.257142,1
23000000,9.327986,1
6000000,14.044122,1
10000000,14.014025,1
52000000,6.906145,1
18000000,4.558075,0
5000000,9.069963,1
0,7.938629,1
0,9.668784,1
0,8.569996,1
0,10.273979,1
55000000,14.178281,1
7000000,4.896196,0
5000000,4.800426,0
15000000,7.942084,1
0,5.634675,1
200000000,13.693002,1
20000000,8.129407,1
100000000,23.247298,1
0,5.843804,1
28000000,6.062425,0
1750000,4.250819,1
20000000,6.612175,0
150000000,12.533525,1
15000,12.706424,1
26000000,11.519662,1
0,0.618434,1
15000000,5.764399,1
28000000,11.476443,1
7000000,15.280219,1
60000000,8.810961,1
11000000,8.046375,0
1500000,6.466688,0
1000000,5.760319,1
0,0.704637,1
13800000,11.613655,1
26000000,4.920175,1
105000000,18.50194,1
21000000,13.217421,1
1200000,5.39865,1
11800000,8.364201,1
1500000,8.504511,1
72000000,9.997032,1
225000000,12.490891,1
5000000,3.531682,1
7500000,5.795045,1
0,9.518564,1
0,1.323422,1
0,1.764981,1
0,1.62344,1
36000000,17.714247,1
0,1.714152,1
0,3.968853,1
1500000,4.948569,0
5000000,5.59686,0
0,9.617662,1
5000000,1.155075,0
15000000,3.4949,0
60000000,11.328316,0
0,3.524327,1
16000000,10.264597,1
7000000,9.107829,0
10000000,6.426937,1
802000,6.165341,1
260000000,14.670353,1
120000,1.62632,0
6000000,15.11549,1
13000000,6.236729,1
25000000,7.492912,0
230000,4.788002,1
18000000,4.918419,0
0,0.941321,1
5000000,5.587765,1
1000000,1.896218,1
0,2.914029,1
9000000,8.832907,0
4000000,5.757907,1
4000000,2.999052,0
2000000,4.126083,1
50000000,14.383185,0
22000000,9.737907,1
700000,11.118844,1
1700000,11.644764,1
0,7.390658,1
15000000,4.079853,1
8000000,11.842837,1
45000000,6.922458,1
40000000,7.001645,0
24000000,4.233081,0
20500000,16.603041,1
28000000,6.000716,1
10700000,1.060709,0
0,10.754614,1
0,2.099788,1
35000000,10.430238,1
0,11.823889,1
44000000,4.393576,0
1500000,8.168694,1
0,12.874084,1
18000000,7.263988,1
25000000,7.637345,1
0,2.69722,1
7000000,13.546984,0
61000000,154.801009,1
0,1.954863,1
3900000,6.997888,1
30000000,17.955897,1
33000000,19.628834,1
5000000,15.909181,1
5000000,8.405672,1
2200000,9.094477,1
722083,0.817488,0
8000000,6.963023,1
30000000,12.130803,0
110000000,20.547925,1
65000000,18.860681,1
0,6.198003,1
0,1.935006,1
0,0.689004,1
0,12.515435,1
0,9.394353,1
25000000,6.196929,1
0,0.284911,1
0,1.233405,1
0,1.194891,1
0,5.451273,1
150000000,4.351756,1
0,0.037986,1
120000000,7.888013,1
6000000,0.292296,0
0,12.140407,1
1200000,4.928139,1
12000000,12.01334,0
6000000,1.822246,0
35000000,13.955376,1
30000000,9.524298,1
0,4.749622,1
7000000,14.054862,1
0,0.53204,1
40000000,10.855502,0
1,6.42883,1
80000000,11.341084,1
6000000,5.253453,1
30000000,13.413895,0
0,2.86317,1
38000000,10.307277,0
55000000,5.304043,0
30000000,7.575696,1
0,37.484577,1
85000000,7.680762,1
25000,3.985181,0
0,2.067929,1
0,6.481464,1
11000000,9.003792,0
0,3.985291,1
0,12.912845,1
35000000,6.332878,1
0,0.708186,1
5700000,8.075698,1
250000,4.281631,0
11000000,9.056173,0
1200000,6.486117,1
6000000,0.651625,1
8000000,7.030308,1
16000000,6.62363,1
0,5.884228,1
0,4.891638,1
35000000,7.759429,0
23000000,5.307984,0
20000000,14.753931,1
0,9.732026,1
37000000,7.387171,1
12000000,4.926507,1
3800000,10.083019,1
325000,0.867549,1
2883848,11.845107,1
800000,7.271526,1
116000000,7.240753,1
20000000,5.762343,1
21000000,5.484379,0
55000000,7.991168,0
5000000,10.996308,1
0,0.240888,1
44000000,9.198283,1
31000000,10.163266,1
0,12.507625,1
165000000,13.697597,1
50000000,7.579855,1
190000000,22.296076,1
0,7.400261,1
85000000,11.526339,1
62000000,10.618141,0
55000000,12.202063,1
50000000,16.075615,1
125000000,16.83711,1
45000000,9.510762,1
0,8.445423,1
27000000,4.631978,0
3000000,0.129004,1
30000000,8.047735,1
0,0.796854,1
70000000,11.898185,1
11000000,4.890067,1
0,2.978534,1
13000000,14.017754,0
13000000,8.611077,1
15000000,14.421528,1
0,2.616309,0
40000000,14.840318,1
0,8.98296,1
0,4.337214,1
40000000,12.637158,1
2800000,8.173864,1
700000,0.712844,1
3000000,1.017103,0
0,4.241058,1
32000000,13.332387,1
24000000,6.562982,1
0,5.385862,1
270000000,13.284712,1
46000000,7.420019,1
25000000,11.746053,1
60000000,8.259952,1
30000000,6.212898,1
13000000,6.361343,0
5000000,13.336773,1
38000000,8.450799,1
645180,5.841931,1
250000,0.386717,0
22500000,9.615664,1
0,1.123409,1
0,5.483163,1
5200000,6.700173,0
26000000,12.638573,1
0,6.345885,1
3500000,6.488277,1
10000000,12.928712,0
2410000,9.110348,1
0,7.089084,1
18000000,7.69684,1
0,2.821608,1
5000000,0.619657,0
5000000,7.007993,1
0,5.695003,1
60000000,8.905732,1
22000000,10.77166,0
25000000,11.299673,1
0,0.66989,1
40000000,9.530278,0
13000000,2.62835,0
800000,2.46167,1
0,3.191386,1
4361898,2.873356,0
3500000,6.097684,1
116000000,9.86738,0
0,4.619915,1
8000000,8.172013,0
950000,9.62025,1
5000000,1.792402,0
4200000,8.803869,1
50000000,10.337211,1
35000000,11.736241,1
210000,3.424057,1
6000000,13.293569,0
4000000,1.760091,0
6000000,6.714577,1
20000000,5.990572,1
6500000,23.242452,1
3705538,7.404329,1
12000000,8.816951,1
12000000,8.025118,0
95000000,9.785895,1
20000000,12.763976,0
0,2.690008,1
1752000,11.709777,1
12000000,13.065315,1
33000000,7.418574,1
23000000,12.21459,1
0,16.373622,1
3000000,5.493697,0
25000000,13.72021,0
0,1.014961,1
0,0.318437,1
0,2.903563,1
0,33.536359,1
5500000,2.942711,1
25000000,8.88057,1
7000000,5.701278,1
3000000,10.893224,1
45000000,3.733574,0
70000000,6.753746,1
5000000,10.510468,1
65000000,0.948759,1
650000,7.814255,0
72000000,11.211568,1
18000000,7.521346,1
12000000,12.159818,0
0,0.000844,1
0,6.94881,1
28000000,7.954623,1
0,0.950658,1
0,5.378833,1
30000000,2.899809,0
0,8.844452,1
68000000,10.97633,1
30000000,21.946943,0
15000000,15.553313,1
10000000,6.370105,0
10000000,17.602928,1
65000000,19.083823,1
25000000,8.338562,1
800000,11.84696,1
0,0.075885,1
8000000,9.609879,0
0,9.442756,1
130000000,10.747642,1
0,0.780748,1
18000000,9.746725,0
88000000,21.14796,1
777000,8.152085,1
42000000,8.371005,1
2000000,3.3924,1
12000000,4.726238,1
0,1.650666,1
10000000,7.176601,1
36000000,9.244469,1
15000000,11.239012,1
0,2.238458,0
0,0.739681,1
850000,3.334942,0
14000000,8.093442,1
0,5.769957,1
4798235,9.336568,1
10000000,3.033797,0
0,7.87202,1
750000,0.201582,0
4000000,5.099557,1
0,9.904821,1
0,5.966121,1
20000000,10.038613,1
0,6.231928,1
90000000,11.605735,1
500000,0.482527,0
2500000,1.216497,0
145000000,12.256689,1
0,0.779768,1
30000000,8.040589,1
0,4.548774,1
0,1.567626,1
17500000,7.481125,1
7000000,6.904831,1
75000000,8.940007,1
27220000,12.388833,0
22000000,11.275132,0
1200000,8.471302,1
7000000,7.791952,1
0,7.074042,1
6000000,12.457908,0
15000000,7.492658,1
28000000,13.143061,1
0,0.535931,1
2000000,11.276024,1
70000000,3.062626,0
0,8.948565,1
0,12.994387,1
40000000,6.417385,1
9100000,4.23908,1
450000,2.333661,1
0,2.605017,0
10500000,4.668541,1
4000000,11.609441,1
1000000,2.301183,0
28000000,17.26045,1
80000000,7.309903,1
1300000,6.636872,1
10000000,0.524432,0
25000000,1.466461,0
9000000,6.484495,1
17000000,7.19669,1
0,11.127884,1
44500000,14.238234,1
30000000,8.032638,1
35000000,8.155604,0
0,6.549788,1
0,5.086013,1
31000000,5.418428,1
1250000,8.731331,1
45000000,6.84109,1
12000000,6.140116,1
0,6.851243,1
10000000,6.638116,1
16000000,9.101896,1
150000000,1.456541,1
2000000,0.570293,0
50000000,6.496271,0
70000000,16.316318,1
0,0.575656,1
20000000,13.591485,0
4520000,3.372304,1
6000000,7.217205,0
11000000,12.293202,0
40000000,13.256679,0
50000000,17.126768,1
0,7.601439,1
15000000,3.550711,0
73000000,11.604533,1
14000000,8.30721,1
50000000,9.930326,0
19000000,10.187278,1
30000000,11.589835,1
18000000,6.303384,1
0,10.107677,1
891000,0.179246,0
43000000,10.536255,1
55000000,15.178338,1
662141,1.233446,1
400000,0.218588,0
0,4.071187,1
85000000,14.048694,1
45000000,13.53003,1
0,4.494016,1
0,2.738,1
1800000,6.694959,0
0,0.269126,1
260000000,39.186819,1
15000000,9.895652,1
3000000,1.412333,0
30000000,7.554848,1
7000000,11.789813,1
30000000,4.655727,0
0,4.11326,1
25000000,6.851628,0
0,8.271179,1
17000000,5.772293,1
4600000,4.342418,1
4500000,7.522655,0
110000000,17.159576,1
61000000,41.225769,1
1000000,7.666558,1
0,4.13905,1
20000000,17.136672,1
15000000,15.388875,1
500000,0.321515,0
7000000,7.738924,0
1400000,12.06308,1
0,9.206356,1
5000000,1.564774,0
20000000,9.502332,0
0,1.322781,1
22000000,13.966833,0
18000000,4.19356,0
12500000,9.543004,1
0,1.773963,1
20000000,1.057387,0
4000000,12.410427,1
14000000,5.355452,1
360000,1.345165,1
25000000,10.932786,0
48000000,8.781588,1
16400000,19.905716,1
18000000,11.720358,0
0,8.513889,1
700000,9.47666,1
2000000,8.367858,0
20000000,11.11946,1
15000000,12.860385,1
10000000,7.676017,1
185000000,123.167259,1
28000000,5.715737,1
20000000,9.059459,0
1900000,1.075939,1
25000000,8.383246,0
8500000,10.990614,0
60000,14.838386,1
180000,7.523517,1
16000000,3.859495,1
11000000,7.715908,1
0,0.000308,1
2153912,0.334881,1
60000000,11.131917,1
3000000,6.09018,1
0,1.437622,1
41000000,12.929653,1
0,0.326486,1
0,10.001517,1
7000000,12.61469,1
20000000,0.69162,0
5000000,5.147819,1
521873,1.668794,0
34000000,228.032744,1
0,6.586401,1
0,5.860319,1
50000000,10.563152,1
20000000,18.006896,1
0,9.968395,1
0,1.784682,1
0,2.083318,1
3837625,0.749665,1
42000000,10.174298,1
0,1.210627,1
0,10.847383,1
20000000,4.444724,0
120000000,5.458387,0
45000000,9.875573,1
15000000,7.390012,1
1000000,6.107378,0
50000000,6.572049,0
0,11.485473,1
5000000,1.629796,1
152000000,146.161786,1
0,5.435993,1
120000000,10.246549,1
3347850,2.906503,0
4437508,3.779077,0
0,5.773277,1
94000000,5.310558,0
40000000,9.832342,1
120000000,17.246484,1
0,9.590695,1
45000000,7.288046,1
14000000,6.892056,1
8000000,11.23915,1
10000000,6.452069,0
5200000,1.891138,1
4000000,10.067238,0
3900000,0.562097,1
5500000,1.250293,0
25000000,6.710598,1
40000000,13.043999,1
63000000,8.863776,1
5000000,5.957998,1
2000000,2.812182,1
0,9.64078,1
38000000,6.456233,1
0,5.66966,1
15000000,1.158196,0
30000000,9.128905,0
48000000,7.198455,0
50000000,17.887943,1
6400000,19.293562,1
750000,1.500013,1
9000000,9.202416,1
0,2.033354,1
5000000,4.206655,1
1000000,2.709403,1
17820000,9.482248,0
50000000,12.508518,0
0,1.812899,1
2,2.466066,0
14000000,0.964715,1
0,1.528202,1
1300000,0.044561,0
0,3.367276,1
130000000,14.89499,1
290000,0.140491,1
190000000,27.275687,1
2600000,13.233262,1
250000,8.168456,1
3000000,8.851646,1
0,4.290624,1
0,0.371679,1
0,2.345336,0
16000000,7.108555,1
0,11.443544,1
0,11.002046,1
13400000,1.223071,1
65000000,17.015539,1
0,10.752519,1
35000000,7.79014,1
5000000,14.970485,1
1070000,0.170074,0
3000000,2.850011,0
35000000,6.966505,0
14600000,12.989627,1
5000000,12.158424,1
18000000,6.971611,0
6000000,11.186981,0
97000000,54.581997,1
11000000,10.3919,0
0,0.626528,1
0,1.53188,1
0,4.782755,1
11000000,23.37742,1
2500000,11.591462,1
5000000,5.830675,1
2159280,8.651053,1
7000000,5.552946,0
0,7.970312,1
10831173,4.480723,0
13360000,8.717661,0
55000000,13.776068,1
20000000,9.188583,0
5000000,6.370495,1
0,14.38601,1
5,0.00188,1
3500000,0.556435,1
30000000,10.596719,1
2500,0.404753,1
3800000,8.070589,1
0,10.274376,1
14000000,5.113573,0
4000000,7.274237,1
0,1.512013,1
135000000,11.72545,1
0,5.337351,1
200000000,20.818907,1
0,11.106754,1
0,5.917685,1
2700000,0.677253,1
48000000,8.338222,1
0,6.328119,1
2000000,1.188935,0
120000000,14.072511,1
0,0.518078,1
500000,2.317528,0
0,0.525869,1
4000000,5.681582,0
1500000,8.708789,0
19000000,2.824367,0
0,5.79907,1
6000000,4.619068,1
0,0.418197,1
50000000,9.645801,1
0,6.653254,1
70000000,8.919469,1
6500000,0.877477,1
1250000,12.74564,1
0,3.631863,1
0,1.298224,1
3000000,8.733192,1
60000000,7.094624,1
30000000,11.552956,1
200000000,13.67812,1
0,1.655202,1
130000000,12.204174,1
15000000,9.747452,0
0,9.987072,1
0,1.907938,1
9000000,1.494688,0
1500000,6.939994,1
4000000,3.92107,0
0,0.540436,1
17000000,12.494394,1
3230939,1.937874,1
0,6.741159,1
14000000,12.243528,1
0,3.928278,1
0,11.266569,1
9000000,9.51953,1
16000000,6.493474,1
170000000,21.259,1
0,4.67525,1
1549000,4.331811,1
12000000,8.960713,1
6500000,2.12989,0
170000000,18.717704,1
50000000,9.35239,1
3700000,13.505066,0
0,7.65458,1
19000000,14.9837,1
125000000,33.704935,1
0,7.444848,1
108000000,25.62993,1
10000000,7.873018,1
8000000,2.404818,1
37000000,16.414239,1
17000000,6.815147,1
0,14.164519,1
0,0.229233,1
80000000,13.666488,0
5000000,3.007842,0
19800000,11.313659,1
8000000,3.851653,0
40000000,16.478036,1
210000000,0.867943,1
0,6.175627,1
0,5.279919,1
30000000,7.857666,1
12000000,5.799628,0
0,6.715019,1
15000000,11.440948,1
7000000,4.955317,0
2300000,2.01799,1
20000000,11.069679,0
0,0.217441,1
5000000,0.889745,0
15000000,9.288013,1
12000,5.738871,1
0,2.03644,1
700000,8.407369,1
35000000,8.33756,1
7000000,7.523098,1
0,2.115753,1
0,2.06066,1
105000000,13.99377,1
0,0.100465,1
80000000,11.35779,1
3000000,0.702712,1
0,9.296024,1
0,6.073468,1
0,7.597475,1
48000000,6.74468,1
30000000,12.840798,1
0,6.122067,1
180000000,11.481379,1
0,0.077653,1
0,7.131568,1
6500000,4.136105,0
56000000,5.374563,0
0,2.156134,1
12000000,16.415498,1
592,0.286719,1
0,3.267026,1
0,4.010441,1
12000000,9.363482,1
5000000,8.898523,1
31115000,8.591238,1
0,1.218763,1
65000000,9.170332,1
0,0.009961,1
28000000,9.765123,1
26400000,4.330396,1
25000000,11.872997,1
28000000,8.808328,0
65000000,13.268484,1
0,3.743212,1
0,5.426921,1
175000000,9.156877,1
83000000,6.053595,0
40000000,10.395472,1
28000000,13.162168,0
10000000,5.402262,1
20000000,12.392754,1
1500000,6.241185,0
30000000,5.188399,0
0,7.834161,1
1000000,2.392367,0
40000000,7.15606,0
0,7.798615,1
1500000,4.173231,0
0,8.471415,1
25000000,1.862215,0
0,1.479018,1
5000000,8.966129,1
35000000,10.08043,1
0,8.164312,1
0,1.655794,1
6500000,9.3806,1
0,4.322544,1
40000000,12.330249,1
855000,1.121417,1
42000000,14.007329,1
4000000,0.737602,0
500000,1.946823,0
24000000,9.526781,1
0,2.065029,1
0,5.244654,1
28000000,8.318954,1
0,0.35233,1
9000000,15.236541,1
0,9.609726,1
58000000,9.508061,1
85000000,8.338675,1
0,7.745083,1
8500000,6.911759,1
9000000,0.941383,1
120000000,3.918287,0
5952000,7.945039,0
2300000,4.806374,1
2000000,0.74156,0
80000000,10.385757,1
10000000,1.192891,0
40000000,9.800232,0
11715578,6.004257,1
10000000,5.872794,0
0,3.199976,1
54000000,10.301621,1
0,1.881932,1
70000000,9.756289,1
1379375,2.214179,0
40000000,11.690781,1
0,5.584308,1
10000000,5.611184,1
1900000,2.004745,1
5000000,6.199806,1
37000000,3.742824,0
4000000,0.372987,0
0,6.0955,1
67000000,11.845918,0
65000000,13.257467,1
50000000,18.022579,1
19000000,4.347079,1
60000000,13.469862,1
27000000,12.851984,1
0,0.43491,1
0,8.500628,1
10000000,10.414363,1
35000000,13.495247,1
80000000,5.228837,0
4000000,2.148655,1
0,12.140733,1
1114000,2.886254,1
0,1.592152,1
5000000,0.191539,0
5000000,0.011574,1
30000000,12.308007,1
45000000,10.869056,1
0,0.444226,1
100000000,16.382422,1
40000000,6.715263,1
25000000,51.645403,1
15000000,7.06378,0
170000000,53.291601,1
35000000,7.102076,1
0,5.993691,1
0,18.577504,1
42000000,10.528173,1
0,5.32553,1
20000000,10.044642,1
3196621,6.704659,1
1000000,7.314536,1
440141,0.815203,0
18000000,8.868558,1
13000000,14.310479,1
1200000,8.699428,1
2000000,0.632261,1
4,1.914697,1
0,7.655603,1
32000000,5.575992,1
207000000,19.761164,1
52000000,18.761467,1
120000,0.485424,1
15000000,11.672701,1
25000000,4.439325,0
0,9.04083,1
0,5.121894,1
60000000,0.452934,1
8000000,12.357072,1
130000000,19.201504,1
75000000,11.34706,1
2627000,0.662665,1
8000000,6.167646,1
0,6.634939,1
53000000,11.911173,1
4000000,11.457298,1
0,1.656115,1
40000000,5.361771,0
0,1.217192,1
134000,5.110716,1
18000000,8.435642,1
40000000,11.100597,1
0,4.607583,1
105000000,10.640864,1
28000000,10.850442,0
35000000,7.85217,1
40000000,9.738371,1
75000000,20.40426,1
0,4.84886,1
25000000,6.636514,0
44000000,14.526049,0
2000000,5.958138,1
40000000,8.695893,1
2000000,2.894009,1
7500000,6.11959,1
0,7.851263,1
25000000,10.653446,0
0,7.046825,1
50000000,6.506572,0
1000000,0.594488,0
2900000,7.202832,1
0,0.14603,1
0,1.228145,1
17000000,7.290872,1
0,0.245606,1
29000000,8.843365,1
11000000,5.304376,1
2000000,2.186683,1
0,1.95315,1
6000000,5.648114,0
0,2.481504,0
15000000,9.117934,1
5000000,8.698043,1
1243000,3.803268,1
50000000,12.280827,1
10000000,1.145806,0
40000000,5.446745,0
0,0.960569,1
67000000,8.920545,0
0,2.711041,1
0,0.075409,1
0,1.068288,1
140000000,47.326665,1
120000,5.648187,1
550000,12.146747,1
13500000,8.995603,1
134005,2.003832,1
9900000,25.869883,1
15000000,11.247957,1
0,3.508075,1
8000000,5.284805,1
531374,7.970462,1
8000000,4.518646,0
50000000,16.15818,1
5000000,8.591834,0
3000000,1.036233,1
135000000,12.130127,1
0,5.997712,1
9000000,6.842274,1
15000000,6.777326,1
100000000,6.919314,1
31000000,6.49968,1
344,0.158651,1
21000000,14.074906,0
0,1.026053,1
12000000,11.110376,1
70000000,10.978188,1
0,4.248105,1
10000000,6.589304,1
33000000,12.237571,1
160000000,11.268531,1
200000000,185.330992,1
60000000,8.142251,1
7000000,11.370288,1
0,1.051148,1
20000000,14.27281,1
27000000,10.956665,1
24000000,13.765241,1
42000000,5.510805,0
160000000,12.643312,1
380000000,27.88772,1
0,5.612379,1
25000000,6.036408,0
1700000,12.843375,1
60000000,8.581558,1
0,3.451518,1
30000000,19.511221,1
2000000,10.650752,1
5000000,5.874458,1
0,1.797462,1
8000000,9.631158,1
0,2.643111,1
3200000,11.504558,1
0,8.761268,1
40000000,7.622875,1
5000000,0.414793,0
27000000,7.436001,0
10000000,4.468247,1
0,1.021641,1
3000000,0.878255,1
14000000,9.071127,1
68000000,7.694847,1
8000000,15.206957,1
50000000,6.936677,0
3500159,6.262677,1
0,10.03628,1
11000000,11.333125,1
0,7.817811,1
600000,6.854576,0
60000000,12.975936,1
14000000,14.443362,0
50000000,15.874491,1
103000000,25.085639,1
0,6.969947,1
658000,9.072006,1
4000000,11.223033,1
2500000,0.46335,0
24000000,12.596956,1
0,4.709454,1
0,1.342194,1
22000000,7.106954,0
5300000,5.94395,0
12000000,6.631356,1
20000000,6.372278,1
72000000,9.807552,0
25000000,12.602438,1
0,7.10005,1
70000000,14.116474,0
0,5.141952,1
13000000,10.098539,1
47000000,11.618792,0
74050,2.789574,1
10000000,7.807741,0
5000000,3.621052,0
4500000,0.313032,0
1688000,5.076649,1
44000000,6.273131,1
36000000,8.970494,1
10000000,8.278525,0
27000000,11.953822,1
0,0.876297,1
0,7.757913,1
5800000,4.412564,1
3500000,0.524653,0
20000000,6.916201,1
80000000,15.001681,1
7000000,5.799861,0
70000000,12.687521,1
0,4.857726,1
40000000,10.829432,0
6500000,9.785147,1
20000000,2.651408,0
65000000,12.954444,1
0,7.007739,1
300000000,31.363664,1
0,7.696023,1
2200000,6.127903,1
20000000,8.772263,1
8272296,10.000915,1
15000000,7.050403,0
38000000,7.824962,1
8000000,10.428421,1
40000000,9.389354,1
8700000,11.643026,0
3000000,6.070216,0
7000000,5.633243,1
5000000,3.334353,0
15000000,7.729445,1
10000000,7.064982,1
0,3.900709,1
2000000,6.857318,1
200000,0.917777,1
85000000,1.498902,1
12000000,11.283472,1
0,0.779829,1
2160000,0.230534,1
15000000,13.389735,0
21000000,3.030309,0
30000000,14.313079,1
9000000,1.818296,0
12000000,16.243093,0
0,11.331859,1
1000000,0.04586,1
23000000,1.914881,0
19500000,5.326716,1
2000000,12.805294,0
12000000,13.300519,1
40000000,9.649303,1
19000000,9.801967,1
15000000,9.020372,1
25000000,13.083718,1
0,8.067119,1
20000000,7.120403,1
33000000,7.781293,1
15000000,8.735448,1
0,4.060966,1
130,2.402032,0
19000000,13.088552,1
0,3.527212,1
11000000,7.250134,1
1,1.337096,1
0,1.484109,1
7000000,6.01272,1
90000000,8.184815,1
0,5.923904,1
3800000,2.894924,0
0,2.326119,0
56000000,12.136158,0
0,3.316857,1
15000000,5.952494,1
500000,0.370114,0
70000000,9.963079,1
0,2.844534,1
20000000,5.970067,1
30000000,10.25103,1
500000,8.212399,1
4500000,5.69684,0
1700000,6.115299,0
8000000,6.230854,1
60000000,15.037993,1
10000000,11.119593,1
0,10.287127,1
8000000,7.321152,0
100000000,8.903754,0
10000000,6.063809,1
17000000,5.498819,0
0,6.422711,1
6000000,11.461437,1
0,4.40284,1
22000000,9.409701,1
0,8.37404,1
75000000,7.762917,1
18000000,1.377993,0
12823507,2.981184,0
23000000,3.612089,0
24000000,16.195894,1
16000000,2.890462,0
0,0.436028,1
18000000,88.439243,1
0,0.114609,1
400000,0.038876,0
90000000,8.684892,1
85000000,8.326699,1
0,4.472892,1
60000000,13.155901,1
2380000,2.514638,1
0,1.238971,1
0,0.002229,1
12000000,15.698433,1
48000000,10.639244,1
35000000,6.90658,1
0,6.518028,1
7000000,3.132019,0
1227401,8.319631,1
2200000,17.112594,1
12156348,5.662109,1
30000000,10.901355,1
0,4.453296,1
13000000,7.421245,0
0,8.534039,1
5500000,6.149295,0
24000000,11.666172,1
24000000,11.184385,1
24000000,8.407519,1
1500000,7.081404,1
20000000,2.582818,1
1805000,12.90707,1
195000000,4.503505,1
0,2.76145,1
75000000,6.303466,1
79000000,9.645543,1
58000000,187.860492,1
15000000,10.627364,1
45000000,8.279285,0
6200000,1.077252,0
0,7.859837,1
6400000,12.203066,1
0,7.032964,1
9500000,10.359669,1
10000000,8.406056,1
0,5.184701,1
0,7.190986,1
0,4.737529,1
63000000,63.869599,1
3000000,2.395067,1
30000000,12.09096,0
14000000,6.081401,1
500000,1.640271,0
350000,1.553107,1
60000000,5.460942,0
0,4.691574,1
10000000,10.770928,1
25000000,16.816834,1
0,2.787833,1
8000000,12.137595,1
23000000,7.06088,1
28000000,15.802306,1
7000000,6.657792,1
8376800,12.237488,1
12000000,3.223039,1
20000000,18.157166,1
65000000,9.782014,0
225000000,18.538834,1
0,2.255032,0
0,0.765825,1
0,6.997583,1
15000000,6.557426,1
0,2.976672,1
45000000,6.287245,1
50000000,9.092925,1
0,9.046751,1
0,9.961184,1
0,5.439942,1
0,9.503762,1
70000000,7.739633,1
150000000,7.739904,1
0,0.975702,1
40000000,8.142089,1
12000000,11.213913,1
2500000,12.525758,1
60000000,7.667874,1
2300000,1.970054,1
25000000,7.857078,1
13000000,1.296862,0
0,5.985236,1
4000000,10.936827,1
0,5.019486,1
8000000,5.000657,1
0,4.471645,1
0,0.407732,1
0,10.134408,1
0,8.283863,1
90000000,12.980624,1
30000000,6.793972,1
0,6.228255,1
7500000,0.494047,0
5500000,10.517835,1
5000000,4.281103,1
0,4.556825,1
35000000,9.576745,1
0,5.752416,1
60000000,15.904834,1
80000000,8.772188,1
18000000,6.108646,1
0,1.13376,1
0,9.916094,1
60000000,6.710215,0
60000000,10.776138,1
47000000,5.507082,0
37000000,13.081203,1
2500000,5.46567,0
4000000,14.171675,1
0,1.132307,1
16000000,5.857368,0
32000000,7.177649,1
20000000,6.312206,0
60000000,11.970205,1
65000000,5.627787,0
3400000,0.40319,0
0,5.916187,1
0,10.597116,1
2500000,11.898793,1
3000000,12.416635,1
35000000,13.492845,1
55000000,6.709803,1
4000000,7.959965,1
0,8.260823,1
0,3.659745,1
500000,0.493342,0
60000000,7.493615,1
0,5.952392,1
0,0.02158,1
0,1.109111,1
0,8.685761,1
15000000,5.951492,1
17000000,2.972529,0
40000000,14.767317,1
0,3.898236,1
0,8.963037,1
0,3.967229,1
0,3.782615,1
4300000,3.699552,0
120000000,18.911961,1
6400000,9.57874,1
50000000,5.852263,0
27000000,11.15092,1
3000000,4.947043,1
50000000,8.176147,1
68000000,34.047399,1
0,2.555585,0
16000000,15.133316,1
4500000,4.31583,1
7500000,11.791591,1
60000000,12.149946,0
35000000,13.349518,1
1821052,11.046411,1
0,5.713974,1
37000000,6.695229,1
15000000,7.665431,0
58000000,0.393865,0
50000000,19.638605,1
14000000,2.308846,0
0,8.452485,1
0,9.449103,1
100000000,11.913405,1
25000000,11.556484,1
1900000,0.653271,0
18000000,12.682927,0
0,4.778045,1
22000000,11.654349,1
19000000,8.132811,0
37000000,8.451297,1
18000000,7.471655,1
25000000,6.497591,0
85000000,10.175503,0
2500000,3.084426,1
28000000,7.058599,1
175000000,12.319595,1
500000,8.398158,0
0,1.832762,1
132000000,22.201607,1
30000000,8.205448,1
0,3.444266,1
24000000,6.253084,1
70000000,9.353499,0
6400000,7.950488,1
30000000,9.591425,1
43000000,13.802674,1
0,6.114898,1
0,3.606688,1
125000000,14.924487,1
120000000,7.134168,0
1202007,6.360746,1
23600000,11.063029,1
22000000,28.176992,1
6400000,7.506958,0
135000,0.588872,0
1200000,1.472463,1
500000,5.85469,1
0,0.31754,1
2500000,6.357321,1
0,11.19785,1
35000000,12.201954,1
3500000,0.884241,1
30000000,12.199047,1
25000000,5.282976,0
0,3.724207,1
3500000,14.56965,1
0,11.457485,1
0,5.072902,1
0,1.218959,1
12500000,6.82647,1
2000000,7.659357,1
4317946,12.452985,1
8000000,6.712894,0
1800000,0.474578,0
0,10.854598,1
25000000,13.018491,1
18000000,7.536295,0
55000000,17.618057,1
6600000,8.151346,1
32745300,17.958512,1
97250400,9.671944,1
90000000,13.116461,1
950000,0.820911,1
23000000,5.810716,1
31000000,5.443097,1
3600000,13.520764,1
6000000,3.554491,0
0,1.824275,1
47000000,10.642824,1
10000000,6.435926,1
4000000,6.430591,1
6000000,3.189566,1
25000000,3.240624,0
70000000,13.842333,1
15000000,6.259433,0
250000000,23.253089,1
8000000,0.860734,0
75000000,6.353996,0
80000000,10.364794,1
0,5.47591,1
21500000,31.314013,0
6900000,4.0315,1
0,5.25696,1
103000,5.194433,1
35000000,11.418802,1
3500000,5.899155,1
0,2.793619,1
50000000,14.327717,0
45000000,14.547939,1
18000000,6.197298,1
150000000,11.379355,1
0,10.226181,1
0,7.103951,1
0,7.92736,1
30000000,6.418936,0
80000000,11.054251,1
13000000,1.386549,0
0,4.72304,1
0,0.884526,1
0,1e-06,1
4500000,12.449574,1
30000000,18.502877,1
4200000,7.42908,1
0,1.685918,1
25000000,6.753969,1
200000000,14.477677,1
7400000,2.37252,1
35000000,7.219935,1
25000000,13.06943,0
6000000,5.598338,0
11000000,1.812728,1
0,5.577636,1
12000000,11.516965,0
165000000,14.27536,1
0,5.7396,1
37000000,4.209701,1
1200000,6.486126,1
2200000,6.632663,1
250000,4.297654,0
1500000,2.627643,0
0,0.209191,1
1500000,7.248676,1
20000000,9.704289,1
2000000,6.640704,0
15000000,13.310556,1
0,2.939129,1
0,7.538821,1
3000000,8.480501,1
0,5.24456,1
0,6.872888,1
30000000,5.025475,1
1350000,4.60786,1
35000000,6.71898,1
0,2.203671,0
35000000,8.355977,1
0,5.571253,1
25000000,3.372523,0
0,3.485214,1
12000000,6.498789,1
850000,1.094395,0
13000000,8.736869,1
0,1.196669,1
90000000,12.978751,1
0,8.569586,1
0,7.137117,1
0,3.581434,1
70000000,15.57784,1
20000000,2.321394,0
0,2.774589,1
80000000,7.634017,1
5000000,2.06528,0
13500000,5.387711,0
475000,9.00314,1
5000,3.447894,1
0,16.759454,1
30000000,14.443599,1
28000000,4.512767,0
49000000,9.769047,1
0,5.94179,1
14000000,6.573364,1
30000000,13.194168,1
13000000,12.989056,1
8500000,10.222143,1
25000000,4.257516,1
15000000,5.984133,1
0,5.330725,1
197471676,15.262706,0
5000000,36.894806,1
0,3.534068,1
60000000,11.953553,0
1000000,10.07817,1
852510,9.990406,1
0,14.657754,1
700000,7.948581,1
102000000,13.494246,1
80000000,8.534176,0
13000000,8.502529,1
0,0.703225,1
10000000,1.942945,0
26000000,13.795875,1
0,0.920469,1
50000000,10.901496,1
70000000,7.513067,0
0,7.355355,1
0,1.784133,1
75000000,6.540621,1
37000000,7.558125,1
105000000,14.412644,1
0,0.504,1
0,1.489294,1
145000000,14.25843,1
65000000,12.366641,1
1455000,6.229674,1
7000000,9.218164,1
0,3.918878,1
2000000,9.241748,1
6500000,6.476534,1
0,6.411782,1
0,3.466204,1
42000000,10.027434,1
13000000,3.960622,1
0,2.995682,1
10000000,6.830599,1
4000000,7.914795,1
20000000,7.359522,1
500000,0.071908,0
38000000,17.02038,1
40000000,10.479723,1
0,7.427491,1
32000000,11.204539,1
41300000,12.061521,1
4900000,11.494907,1
55000000,13.280069,1
0,4.186599,1
0,3.998475,1
30000000,7.694502,1
0,5.001997,1
12250000,6.561373,1
5000000,11.298195,0
0,3.478962,1
0,11.063822,1
0,2.783205,1
25000000,13.121626,1
463455,0.445526,1
5000000,3.595599,0
3000000,3.044499,0
11500000,8.365761,1
0,10.480229,1
8000000,6.823445,1
0,0.158207,1
2000000,8.066663,0
4500000,8.434884,0
85000000,11.218378,0
32000000,7.000421,1
22000000,9.41834,0
25000000,10.175138,1
500000,5.329195,1
0,6.769866,1
10,5.192042,1
5000000,8.679349,1
2000000,2.921405,1
5000000,3.138159,0
0,2.876656,1
35000000,8.437587,0
10000000,1.701134,0
30000000,5.364459,1
10000000,6.396767,1
8000000,0.863547,1
38000000,6.100498,0
100000000,5.502098,0
12000000,2.828884,1
0,7.160149,1
60000000,9.488117,1
0,1.697118,1
17000000,1.542355,0
16000000,9.356587,1
50000000,8.997507,1
3000000,3.891243,0
43000000,8.889064,1
0,1.160832,1
12000000,5.409557,1
0,10.199449,1
100000000,11.51021,0
8045760,10.357224,1
10500000,0.377787,0
500000,12.428269,1
32000000,3.406836,0
15000000,13.634766,0
0,5.682406,1
45000000,5.037224,0
500000,15.014569,0
0,1.269717,1
125000000,13.392824,1
7000000,7.436758,1
19000000,12.446738,1
5000000,0.399156,0
40000000,4.182641,1
40000000,10.24382,1
18000000,3.602031,0
0,8.075504,1
245000000,24.926577,1
120000000,10.901602,1
92000000,22.220214,1
90000000,13.809622,1
3800000,9.239882,0
20000000,8.636632,1
50000000,10.738888,1
22000000,11.698089,1
0,3.553887,1
40000000,12.725343,1
0,6.493744,1
63000000,11.624866,1
0,15.5975,1
3000000,10.616859,1
0,19.256859,1
3000000,15.170192,1
12000000,8.783454,1
0,7.78904,1
40000000,4.985157,0
25000000,14.686487,1
0,7.563444,1
784170,0.578456,1
0,0.08472,1
12000000,2.977779,1
1089360,0.663231,0
50000000,3.998494,1
40000000,4.260945,1
1556288,0.195677,0
0,14.177005,1
25000000,8.9256,1
20000000,16.626655,1
225000,0.466236,1
10000000,13.751992,1
280000000,37.37942,1
0,5.526865,1
50000000,17.608346,0
70000000,9.019114,1
15000000,15.899134,0
0,8.359985,1
20000000,14.810519,1
45000000,8.079541,1
82000000,7.349843,1
25000000,5.918816,1
35000000,5.23158,1
7300,0.137676,1
48000000,7.349812,1
36000000,8.867562,1
11000000,8.800455,1
0,0.625099,1
17000,7.759376,1
80000000,14.39853,0
0,2.520484,0
0,10.896238,1
40000000,7.196688,1
4000000,3.856827,1
115000000,7.455875,0
68000000,42.061481,1
8500000,8.592449,1
10000000,1.551648,0
14734000,2.156145,0
4000000,5.317544,1
0,6.941735,1
70000000,9.819864,1
0,10.113628,1
0,0.781841,1
100000000,29.741452,1
0,3.148745,1
220000,9.972591,1
8000000,11.521011,0
35000000,8.061423,0
5300000,3.003526,1
6000000,12.724645,0
35000000,8.910462,0
0,5.723103,1
11500000,8.719145,1
2200000,6.313465,0
11930000,7.95686,1
0,2.262915,0
25000000,9.218002,1
150000,9.203416,1
0,5.024661,1
0,13.58903,1
0,5.976385,1
500000,0.45621,0
1250000,8.710824,1
20000000,7.423812,1
0,4.435032,1
0,5.831622,1
18000000,10.151366,1
1500000,4.877872,1
0,3.576604,1
19500000,4.683689,1
8000000,6.603748,1
0,7.031279,1
18000000,1.975174,1
15000000,7.904371,1
0,11.465634,1
80000000,8.524847,1
14000000,8.204894,1
12500000,1.830829,0
16800000,6.626077,0
10500000,36.26051,1
95000000,11.348096,1
0,12.330898,1
38000000,6.938921,1
10000000,3.867472,1
60000000,14.336187,1
39000000,1.381022,0
0,3.063163,1
75000000,12.949715,1
0,7.08055,1
40000000,6.447072,1
15000000,2.587727,1
0,12.796484,1
40000000,9.802889,0
0,8.817924,1
0,3.313524,1
0,4.720595,1
6000,5.283661,1
49300000,7.566053,0
5400000,2.39989,1
120000000,18.907948,1
3062000,2.07741,1
22000000,12.383755,1
47000000,7.586577,1
2000000,0.121844,0
24000000,4.347609,0
410000,0.769053,0
5579750,2.208906,1
130000000,12.854373,1
100000,1.731527,1
8000000,3.034823,0
13000000,13.655752,1
60000000,13.995044,1
12500000,10.944654,1
5200000,4.230046,1
3512454,0.110065,0
0,2.166081,1
1500000,6.407207,0
38000000,4.990506,0
18000000,12.677592,1
3000000,12.325947,1
0,2.614074,0
150000000,9.920223,1
40000000,13.707888,1
0,3.216608,1
30000000,9.863584,1
0,4.966657,1
0,4.969851,1
0,0.541397,1
23000000,10.337689,1
2000000,8.999948,1
0,12.050759,1
25000000,24.535733,1
35000000,10.169411,1
0,3.095584,1
2700000,7.525382,1
0,1.523446,1
68000000,14.741992,1
0,5.847845,1
57000000,10.076223,1
45000000,11.075674,1
127500000,9.998415,1
200000,0.560685,1
75000000,9.883727,1
0,10.714779,1
16000000,16.770196,1
4000000,19.348466,1
8000000,2.93818,0
21000000,10.234919,1
0,6.892829,1
26000000,14.362544,0
29000000,10.829116,1
1365000,5.120036,1
80000000,13.02369,0
2800000,2.486073,0
0,4.766826,1
40000000,9.48515,0
87000000,2.48875,1
25000000,8.405395,0
0,16.179384,1
0,4.23544,1
5000000,1.628629,1
0,0.042036,1
0,0.803093,1
0,4.755759,1
8500000,9.292099,1
0,5.673744,1
5000000,6.188286,1
0,5.325766,1
140000000,12.996474,1
0,5.397405,1
32000000,11.428941,1
16000000,15.15267,1
75000000,7.515631,0
12000000,11.354247,1
64000000,4.140398,1
22000000,10.225555,1
90000000,10.81552,1
0,0.38744,1
25000000,8.309565,1
130000000,16.624854,1
9500000,7.778097,0
0,3.937139,1
30000000,5.781667,0
12000000,1.675406,0
38000000,13.217623,0
31500000,13.5963,1
1000000,3.315827,1
483103,0.205671,1
0,0.185169,1
35000000,13.912531,0
3000000,2.753674,1
30000000,14.015739,1
13000000,10.564701,1
25000000,10.542026,1
8500000,6.03633,1
60000000,10.411608,0
17000000,12.50422,1
0,3.150899,1
60000000,7.337906,0
15000000,0.900864,1
2300000,3.959411,1
4600000,5.805666,0
4000000,12.650546,1
20000000,16.392712,1
0,1.718237,1
2500000,2.726061,1
61000000,13.52408,1
40000000,11.366417,1
2000000,9.333533,1
25000000,6.514132,0
19800000,14.101101,1
25000000,9.805017,1
20000000,4.414928,0
0,4.154861,1
0,3.868014,1
20000000,5.871243,1
45000000,11.618472,1
16000000,4.372616,0
53000000,5.3962,0
0,16.5293,1
35000000,6.629999,1
300000,0.350207,1
0,3.069108,1
500000,4.893812,0
35000000,5.660835,0
80000000,13.334952,0
37665000,5.388535,0
20000000,12.553403,0
0,1.292125,1
0,0.984515,1
0,0.851599,1
0,1.56098,1
13000000,4.794088,1
1135654,3.878515,1
60000000,14.092373,1
0,7.438381,1
0,9.85327,1
0,3.727996,1
65000000,14.482345,1
42000000,15.725542,1
35000000,10.512109,1
